{
	"info": {
		"_postman_id": "6b63b38c-a4a8-4bda-91fd-f7cce7a780b0",
		"name": "UserService",
		"schema": "https://schema.getpostman.com/json/collection/v2.1.0/collection.json"
	},
	"item": [
		{
			"name": "Register as New User",
			"request": {
				"method": "POST",
				"header": [],
				"body": {
					"mode": "raw",
					"raw": "{\r\n    \"firstname\" : \"guru\",\r\n    \"lastname\"  : \"kiran\",\r\n    \"username\"  : \"gurukiran@gmail.com\",\r\n    \"password\"  : \"123456789\",\r\n    \"contactNo\" : 9878786863\r\n}",
					"options": {
						"raw": {
							"language": "json"
						}
					}
				},
				"url": {
					"raw": "http://localhost:8082/api/v1.0/Shopping/register",
					"protocol": "http",
					"host": [
						"localhost"
					],
					"port": "8082",
					"path": [
						"api",
						"v1.0",
						"Shopping",
						"register"
					]
				}
			},
			"response": []
		},
		{
			"name": "Login as User",
			"request": {
				"method": "POST",
				"header": [],
				"body": {
					"mode": "raw",
					"raw": "{\r\n    \"username\" : \"gurukiran@gmail.com\",\r\n    \"password\" : \"123456789\"\r\n}",
					"options": {
						"raw": {
							"language": "json"
						}
					}
				},
				"url": {
					"raw": "http://localhost:8082/api/v1.0/Shopping/login",
					"protocol": "http",
					"host": [
						"localhost"
					],
					"port": "8082",
					"path": [
						"api",
						"v1.0",
						"Shopping",
						"login"
					]
				}
			},
			"response": []
		},
		{
			"name": "Forgot Password",
			"request": {
				"method": "PUT",
				"header": [],
				"body": {
					"mode": "raw",
					"raw": "{\r\n    \"username\" : \"gurukiran@gmail.com\",\r\n    \"password\" : \"987654321\"\r\n}",
					"options": {
						"raw": {
							"language": "json"
						}
					}
				},
				"url": {
					"raw": "http://localhost:8082/api/v1.0/Shopping/gurukiran@gmail.com/forgot",
					"protocol": "http",
					"host": [
						"localhost"
					],
					"port": "8082",
					"path": [
						"api",
						"v1.0",
						"Shopping",
						"gurukiran@gmail.com",
						"forgot"
					]
				}
			},
			"response": []
		}
	]
}